City_ID,City,Country,Lat,Lng,Max Temp,Humidity,Cloudiness,Wind Speed,Current Description
0,Vaini,TO,-21.2,-175.2,80.6,69,20,9.22,few clouds
1,Rikitea,PF,-23.1203,-134.9692,77.25,60,0,7.65,clear sky
2,Puerto Ayora,EC,-0.7393,-90.3518,77.0,92,16,1.01,few clouds
3,Deputatskiy,RU,69.3,139.9,-1.57,90,82,2.89,broken clouds
4,Ancud,CL,-41.8697,-73.8203,54.0,88,100,11.01,overcast clouds
5,Montoro,ES,38.0241,-4.3834,60.8,72,0,3.44,clear sky
6,Bambous Virieux,MU,-20.3428,57.7575,80.01,88,75,9.22,light rain
7,Cosala,MX,24.4125,-106.6908,72.0,83,22,3.0,few clouds
8,Mataura,NZ,-46.1927,168.8643,64.99,60,11,3.0,few clouds
9,Jalu,LY,29.0331,21.5482,62.62,32,14,8.61,few clouds
10,Hilo,US,19.7297,-155.09,77.0,57,20,12.66,few clouds
11,Rairangpur,IN,22.2676,86.1751,82.4,74,75,3.44,haze
12,Tiksi,RU,71.6872,128.8694,-2.54,90,100,3.6,overcast clouds
13,Tuktoyaktuk,CA,69.4541,-133.0374,-5.8,77,20,6.91,few clouds
14,Bethel,US,41.3712,-73.414,57.2,47,1,5.44,clear sky
15,Ushuaia,AR,-54.8,-68.3,46.4,87,75,3.44,broken clouds
16,Buraydah,SA,26.326,43.975,71.6,23,0,9.22,clear sky
17,Alta Floresta,BR,-9.8756,-56.0861,71.42,93,91,2.33,overcast clouds
18,Alyangula,AU,-13.8483,136.4192,87.8,62,81,8.05,broken clouds
19,Port Alfred,ZA,-33.5906,26.891,68.2,83,100,11.25,overcast clouds
20,Kaitangata,NZ,-46.2817,169.8464,64.99,60,8,5.01,clear sky
21,Busselton,AU,-33.65,115.3333,64.0,76,33,4.0,scattered clouds
22,Sao Filipe,CV,14.8961,-24.4956,74.91,66,100,8.52,overcast clouds
23,Castro,BR,-24.7911,-50.0119,57.67,95,6,9.13,clear sky
24,Magadan,RU,59.5667,150.8,20.01,63,11,4.45,few clouds
25,Hermanus,ZA,-34.4187,19.2345,59.0,92,100,1.01,overcast clouds
26,Maldonado,UY,-34.6667,-54.9167,70.0,83,0,6.91,clear sky
27,Aklavik,CA,68.2191,-135.0107,8.6,47,40,3.44,scattered clouds
28,Praia,CV,14.9215,-23.5087,73.4,46,0,17.27,clear sky
29,Lompoc,US,34.6391,-120.4579,59.0,63,48,12.66,scattered clouds
30,Naze,JP,28.3667,129.4833,71.6,53,75,10.36,broken clouds
31,Reconquista,AR,-29.15,-59.65,70.21,81,41,6.96,scattered clouds
32,Batagay-Alyta,RU,67.8006,130.4114,-6.27,88,34,2.15,scattered clouds
33,Kavieng,PG,-2.5744,150.7967,79.99,77,100,21.59,moderate rain
34,Springbok,ZA,-29.6643,17.8865,67.42,32,2,4.27,clear sky
35,Hokitika,NZ,-42.7167,170.9667,60.6,68,1,5.99,clear sky
36,Amuntai,ID,-2.4177,115.2494,83.53,70,84,0.81,broken clouds
37,Avarua,CK,-21.2078,-159.775,82.4,69,20,9.22,few clouds
38,Pochutla,MX,15.7432,-96.4661,84.99,54,100,1.01,overcast clouds
39,Salalah,OM,17.0151,54.0924,75.2,50,0,4.61,clear sky
40,Samarai,PG,-10.6167,150.6667,83.66,70,100,3.89,overcast clouds
41,Cape Town,ZA,-33.9258,18.4232,63.0,88,0,12.66,clear sky
42,Beboto,TD,8.2668,16.939,87.8,27,100,5.59,overcast clouds
43,Lata,PT,40.1629,-8.3327,55.99,85,38,1.01,scattered clouds
44,Sinjar,IQ,36.3209,41.8754,65.21,34,57,8.01,broken clouds
45,Katsuura,JP,35.1333,140.3,60.8,48,75,8.05,broken clouds
46,Mahebourg,MU,-20.4081,57.7,77.0,88,75,9.22,light rain
47,Albany,US,42.6001,-73.9662,57.2,58,20,9.22,few clouds
48,Adjumani,UG,3.3779,31.7909,67.71,81,41,1.9,scattered clouds
49,Dikson,RU,73.5069,80.5464,8.82,80,100,5.08,overcast clouds
50,Riyadh,SA,24.6877,46.7219,69.8,28,0,2.3,clear sky
51,Nioro,GM,13.35,-15.75,78.26,45,3,6.08,clear sky
52,Andros Town,BS,24.7,-77.7667,68.0,64,0,5.75,clear sky
53,Kaeo,NZ,-35.1,173.7833,73.99,74,67,7.0,broken clouds
54,Saint George,US,37.1041,-113.5841,79.0,7,1,10.36,clear sky
55,Saint-Philippe,RE,-21.3585,55.7679,78.8,73,75,9.22,broken clouds
56,Lavrentiya,RU,65.5833,-171.0,-0.42,74,28,5.46,scattered clouds
57,Abu Dhabi,AE,24.4667,54.3667,69.8,94,0,3.44,mist
58,Yining,CN,29.0361,114.5636,54.82,94,100,1.99,overcast clouds
59,Brae,GB,60.3964,-1.353,39.2,65,75,19.57,broken clouds
60,Los Algarrobos,PA,8.5,-82.4333,80.6,83,40,3.44,scattered clouds
61,Camacha,PT,33.0833,-16.3333,64.4,88,40,5.75,scattered clouds
62,Noumea,NC,-22.2763,166.4572,86.0,61,90,6.91,overcast clouds
63,Lydenburg,ZA,-25.0978,30.4597,60.01,91,98,0.56,overcast clouds
64,Atuona,PF,-9.8,-139.0333,80.73,73,5,15.26,clear sky
65,Punta Arenas,CL,-53.15,-70.9167,48.2,76,40,9.22,scattered clouds
66,Tasiilaq,GL,65.6145,-37.6368,14.0,62,8,5.75,clear sky
67,Provideniya,RU,64.3833,-173.3,5.0,66,0,6.71,clear sky
68,Vila Do Maio,CV,15.1333,-23.2167,73.4,46,0,17.27,clear sky
69,Ulaanbaatar,MN,47.9077,106.8832,37.4,41,75,2.24,broken clouds
70,Medicine Hat,CA,50.0501,-110.6683,60.8,18,90,14.97,overcast clouds
71,Clyde River,CA,70.4692,-68.5914,8.6,92,90,4.61,light snow
72,Bathsheba,BB,13.2167,-59.5167,78.8,65,20,10.36,few clouds
73,College,US,64.8569,-147.8028,19.99,38,40,2.06,scattered clouds
74,Hobart,AU,-42.8794,147.3294,73.99,40,0,6.91,clear sky
75,Mezen,RU,65.8522,44.24,35.49,97,100,9.93,overcast clouds
76,Narsaq,GL,60.9167,-46.05,35.6,64,75,1.14,broken clouds
77,Eureka,US,40.8021,-124.1637,52.0,76,77,8.01,broken clouds
78,Georgetown,MY,5.4112,100.3354,81.0,89,20,2.3,few clouds
79,Lumeje,AO,-11.55,20.7833,64.53,93,100,1.41,overcast clouds
80,Camacupa,AO,-12.0167,17.4833,59.77,84,92,2.01,overcast clouds
81,New Norfolk,AU,-42.7826,147.0587,73.99,29,100,5.01,overcast clouds
82,Boyle,US,37.6334,-84.8666,73.4,56,1,4.61,clear sky
83,Jamestown,US,42.097,-79.2353,62.6,59,1,8.05,clear sky
84,Marsh Harbour,BS,26.5412,-77.0636,70.29,48,1,6.64,clear sky
85,Victoria,HK,22.2855,114.1577,75.0,79,96,3.0,overcast clouds
86,Hithadhoo,MV,-0.6,73.0833,82.89,66,57,10.87,broken clouds
87,Kingman,US,35.1894,-114.053,78.8,7,1,18.41,clear sky
88,Bluff,NZ,-46.6,168.3333,64.99,60,17,3.0,few clouds
89,Robertsport,LR,6.7533,-11.3686,79.27,88,93,4.32,overcast clouds
90,Mamallapuram,IN,12.6264,80.1722,77.0,88,20,3.44,mist
91,Tilichiki,RU,60.4667,166.1,9.91,79,6,6.85,clear sky
92,Iqaluit,CA,63.7506,-68.5145,33.8,93,90,28.77,snow
93,Moroni,KM,-11.7022,43.2551,79.36,83,8,9.55,light rain
94,Homer,US,59.6425,-151.5483,36.0,47,90,4.61,overcast clouds
95,Qaanaaq,GL,77.484,-69.3632,2.23,68,100,7.58,overcast clouds
96,Samana,DO,19.2056,-69.3369,73.76,80,100,10.65,overcast clouds
97,Mar Del Plata,AR,-38.0023,-57.5575,70.0,88,1,6.91,mist
98,San Policarpo,PH,12.1791,125.5072,80.92,73,100,6.4,overcast clouds
99,Fort Dodge,US,42.4975,-94.168,62.6,77,90,3.44,overcast clouds
100,Coihaique,CL,-45.5752,-72.0662,50.0,66,75,3.44,broken clouds
101,Pevek,RU,69.7008,170.3133,-13.38,93,79,4.47,broken clouds
102,Santiago Del Estero,AR,-27.7951,-64.2615,83.91,49,100,12.03,overcast clouds
103,Alenquer,BR,-1.9417,-54.7383,77.0,100,0,3.69,clear sky
104,Pitiquito,MX,30.7,-112.0833,88.0,8,18,4.0,few clouds
105,Agadez,NE,19.75,10.25,79.88,8,100,7.0,overcast clouds
106,Olafsvik,IS,64.8945,-23.7142,27.64,75,100,43.71,overcast clouds
107,Puerto Colombia,CO,10.9878,-74.9547,77.0,88,40,2.3,scattered clouds
108,Kapaa,US,22.0752,-159.319,75.2,64,75,19.57,light rain
109,Halifax,CA,44.6453,-63.5724,44.6,87,100,10.36,overcast clouds
110,Dauphin,CA,51.1494,-100.0502,57.2,30,1,17.27,clear sky
111,Quesnel,CA,52.9999,-122.5029,41.0,75,20,9.22,few clouds
112,Lagoa,PT,39.05,-27.9833,59.22,92,24,22.91,few clouds
113,Saint Anthony,US,45.0205,-93.218,66.2,82,20,10.36,few clouds
114,Ushumun,RU,52.7833,126.5333,22.57,69,13,5.53,few clouds
115,Nangong,CN,37.3581,115.3744,57.76,28,0,4.34,clear sky
116,Bredasdorp,ZA,-34.5322,20.0403,57.2,100,78,2.3,broken clouds
117,Cabedelo,BR,-6.9811,-34.8339,77.0,94,20,4.61,few clouds
118,Oudtshoorn,ZA,-33.5907,22.2014,59.0,94,90,2.3,overcast clouds
119,Carnarvon,AU,-24.8667,113.6333,78.8,61,5,23.02,clear sky
120,Arkhangelsk,RU,64.5401,40.5433,39.2,81,40,6.71,scattered clouds
121,Kodiak,US,57.79,-152.4072,35.6,80,90,8.05,light snow
122,San Jose De Sisa,PE,-6.6167,-76.6915,75.2,94,40,2.3,scattered clouds
123,Fuxin,CN,42.0156,121.6589,51.87,19,0,9.42,clear sky
124,Lebyazhye,RU,55.2689,66.4947,34.65,99,100,10.42,overcast clouds
125,Kalmunai,LK,7.4167,81.8167,76.17,86,65,5.06,broken clouds
126,Fortuna,US,40.5982,-124.1573,52.0,81,90,12.66,overcast clouds
127,Vyartsilya,RU,62.1764,30.693,25.0,98,91,1.1,overcast clouds
128,Butaritari,KI,3.0707,172.7902,81.46,78,100,13.06,light rain
129,Oiso,JP,35.3031,139.3028,61.0,56,83,4.0,broken clouds
130,Chernyshevskiy,RU,63.0128,112.4714,31.62,97,100,11.21,light snow
131,Korla,CN,41.7597,86.1469,57.45,33,100,5.64,overcast clouds
132,Waipawa,NZ,-41.4122,175.5153,69.8,64,0,16.11,clear sky
133,Thompson,CA,55.7435,-97.8558,41.0,52,40,8.05,scattered clouds
134,Adrar,MR,20.5022,-10.0711,76.42,21,5,10.8,clear sky
135,Morondava,MG,-20.2833,44.2833,75.13,82,22,5.93,few clouds
136,Raga,SS,8.4596,25.678,81.39,29,100,3.06,overcast clouds
137,Ankazoabo,MG,-22.2833,44.5167,67.98,81,0,4.03,clear sky
138,Lima,PE,-12.0432,-77.0282,69.8,78,0,14.97,clear sky
139,Irbeyskoye,RU,55.6428,95.4522,31.8,91,100,4.5,overcast clouds
140,Calvinia,ZA,-31.4707,19.776,66.07,24,72,1.66,broken clouds
141,Barrow,US,71.2906,-156.7887,-18.4,63,90,11.5,haze
142,Denpasar,ID,-8.65,115.2167,84.2,79,20,5.75,few clouds
143,Caxito,AO,-8.5785,13.6643,73.4,94,75,6.91,broken clouds
144,Nikolskoye,RU,59.7035,30.7861,30.0,93,95,6.71,fog
145,Marsa Matruh,EG,31.3525,27.2453,51.8,82,40,5.75,scattered clouds
146,Chokurdakh,RU,70.6333,147.9167,-0.08,85,52,3.06,broken clouds
147,Coquimbo,CL,-29.9533,-71.3436,60.8,88,90,3.44,overcast clouds
148,Najran,SA,17.4924,44.1277,62.6,27,0,0.72,clear sky
149,Necochea,AR,-38.5473,-58.7368,73.0,78,73,8.01,broken clouds
150,Ahipara,NZ,-35.1667,173.1667,70.3,62,76,1.05,broken clouds
151,Sakaiminato,JP,35.55,133.2333,60.8,41,75,3.44,broken clouds
152,Port-Gentil,GA,-0.7193,8.7815,81.39,80,46,8.9,scattered clouds
153,Gubkinskiy,RU,64.434,76.5026,20.59,92,100,7.18,overcast clouds
154,Zhigansk,RU,66.7697,123.3711,10.35,89,100,22.62,overcast clouds
155,Cabo San Lucas,MX,22.8909,-109.9124,84.2,26,40,11.5,scattered clouds
156,Ribeira Grande,PT,38.5167,-28.7,60.1,90,54,20.87,broken clouds
157,Airai,TL,-8.9266,125.4092,68.58,77,100,1.16,overcast clouds
158,Aberystwyth,GB,52.4155,-4.0829,41.0,100,99,8.55,overcast clouds
159,Nantucket,US,41.2835,-70.0995,43.0,93,40,10.36,scattered clouds
160,Marzuq,YE,14.4,46.4667,65.41,29,2,3.62,clear sky
161,Yellowknife,CA,62.456,-114.3525,17.6,86,90,11.5,snow
162,Brazzaville,CG,-4.2658,15.2832,77.0,94,100,1.14,overcast clouds
163,Bengkulu,ID,-3.8004,102.2655,77.49,81,96,3.36,overcast clouds
164,Benghazi,LY,32.1167,20.0667,61.29,57,100,6.42,overcast clouds
165,Khatanga,RU,71.9667,102.5,-8.52,97,100,2.98,overcast clouds
166,Kilindoni,TZ,-7.9139,39.6668,78.98,80,91,11.3,moderate rain
167,Kanniyakumari,IN,8.0833,77.5667,79.18,78,93,7.36,overcast clouds
168,Honiara,SB,-9.4333,159.95,82.49,77,100,8.08,overcast clouds
169,Kitimat,CA,54.0524,-128.6534,42.01,78,97,1.01,light snow
170,Ardahan,TR,41.1087,42.7022,33.91,81,0,2.57,clear sky
171,Tikrit,IQ,34.6071,43.6782,73.26,17,53,7.81,broken clouds
172,Jiuquan,CN,39.7432,98.5174,49.86,30,100,5.12,overcast clouds
173,Bytca,SK,49.224,18.5588,30.0,93,90,1.14,overcast clouds
174,Cidreira,BR,-30.1811,-50.2056,74.03,74,2,21.59,clear sky
175,Fort-Shevchenko,KZ,44.5086,50.263,51.98,42,0,11.03,clear sky
176,Buala,SB,-8.145,159.5921,82.51,73,100,9.24,light rain
177,Kidal,ML,18.4411,1.4078,82.4,8,95,10.78,overcast clouds
178,Codrington,AU,-38.2667,141.9667,73.08,36,100,11.83,overcast clouds
179,Sao Joao Da Barra,BR,-21.6403,-41.0511,71.55,80,13,4.05,few clouds
180,Uruzgan,AF,32.8333,66.0,52.14,32,0,5.01,clear sky
181,Bakchar,RU,57.0186,82.0711,31.96,97,100,6.49,light snow
182,Mattawa,US,46.7379,-119.9028,46.0,47,86,7.0,overcast clouds
183,Russkiy Aktash,RU,55.0384,52.1214,35.6,87,0,6.71,clear sky
184,Hearst,CA,49.6835,-83.6665,39.2,100,100,3.44,moderate rain
185,Kieta,PG,-6.2167,155.6333,78.6,90,100,10.38,light rain
186,Nabire,ID,-3.3667,135.4833,80.46,76,99,1.21,overcast clouds
187,Ulladulla,AU,-35.35,150.4667,77.0,57,40,5.75,scattered clouds
188,Kiama,AU,-34.6833,150.8667,79.0,71,39,3.0,scattered clouds
189,Lazaro Cardenas,MX,17.9583,-102.2,78.39,60,0,9.57,clear sky
190,Munsingen,DE,48.4113,9.497,33.01,77,72,11.56,light snow
191,Liverpool,GB,53.4106,-2.9779,43.0,81,75,5.75,broken clouds
192,Upington,ZA,-28.4478,21.2561,71.6,60,20,5.75,few clouds
193,Keti Bandar,PK,24.1447,67.4497,79.18,63,0,10.11,clear sky
194,Harper,LR,4.375,-7.7169,79.72,86,64,4.09,light rain
195,Grants,US,35.1473,-107.8514,60.8,8,1,13.8,clear sky
196,Port Elizabeth,ZA,-33.918,25.5701,64.4,94,90,6.91,mist
197,Las Palmas,ES,28.4204,-14.0131,62.6,63,0,5.75,clear sky
198,Talbahat,IN,25.05,78.4333,76.84,20,0,7.14,clear sky
199,Walvis Bay,NA,-22.9575,14.5053,53.6,100,0,2.3,clear sky
200,Sisimiut,GL,66.9395,-53.6735,28.38,63,100,14.34,overcast clouds
201,Mehamn,NO,71.0357,27.8492,25.66,86,45,13.24,scattered clouds
202,Namatanai,PG,-3.6667,152.4333,78.71,88,100,10.58,moderate rain
203,Kyra,RU,49.5776,111.9753,43.77,40,13,2.98,few clouds
204,Shu,KZ,43.5983,73.7614,52.0,76,0,4.41,clear sky
205,San Carlos De Bariloche,AR,-41.1456,-71.3082,50.0,71,75,9.22,broken clouds
206,Mahibadhoo,MV,3.7833,72.9667,81.86,73,11,7.56,few clouds
207,Fort Nelson,CA,58.8053,-122.7002,17.6,79,90,8.05,light snow
208,Chicama,PE,-7.8447,-79.1469,68.0,88,90,9.22,overcast clouds
209,Kununurra,AU,-15.7667,128.7333,91.4,49,100,3.44,overcast clouds
210,Gushikawa,JP,26.3544,127.8686,73.4,56,1,8.05,clear sky
211,Lebu,CL,-37.6167,-73.65,54.79,90,2,4.36,clear sky
212,Dong Hoi,VN,17.4833,106.6,77.7,83,100,5.79,overcast clouds
213,Luderitz,NA,-26.6481,15.1594,69.22,53,0,7.74,clear sky
214,Vestmannaeyjar,IS,63.4427,-20.2734,33.1,89,100,25.43,snow
215,Norman Wells,CA,65.282,-126.8329,10.4,52,20,10.36,few clouds
216,Torbay,CA,47.6666,-52.7314,36.0,100,90,12.66,light rain
217,Port Hardy,CA,50.6996,-127.4199,42.8,87,90,8.05,light rain
218,Beloha,MG,-25.1667,45.05,70.2,87,0,11.77,clear sky
219,Bogorodskoye,RU,56.55,37.8833,35.83,98,100,4.25,light rain
220,Dunedin,NZ,-45.8742,170.5036,59.0,76,15,10.0,few clouds
221,Westport,US,41.1415,-73.3579,54.0,62,1,6.91,clear sky
222,Suez,EG,29.9737,32.5263,63.79,68,6,16.26,clear sky
223,Teya,RU,60.3778,92.6267,31.86,88,100,1.21,overcast clouds
224,Port Hedland,AU,-20.3167,118.5667,89.6,55,6,8.05,clear sky
225,Moussoro,TD,13.6408,16.4901,84.24,12,72,11.27,broken clouds
226,Kruisfontein,ZA,-34.0033,24.7314,59.0,93,18,1.01,few clouds
227,Lorengau,PG,-2.0226,147.2712,81.59,81,100,14.25,light rain
228,Leningradskiy,RU,69.3833,178.4167,-5.71,90,76,9.48,broken clouds
229,Ayan,RU,56.45,138.1667,24.53,88,100,14.85,light snow
230,Behshahr,IR,36.6923,53.5526,63.12,43,11,3.96,few clouds
231,Kahului,US,20.8947,-156.47,78.8,53,40,21.85,scattered clouds
232,Pisco,PE,-13.7,-76.2167,70.0,83,0,19.57,moderate rain
233,Ardakan,IR,32.31,54.0175,57.2,23,6,2.3,clear sky
234,Faya,SA,18.3851,42.4509,60.8,58,0,4.14,clear sky
235,Flinders,AU,-34.5833,150.8552,79.0,71,39,3.0,scattered clouds
236,Kalangala,UG,-0.3089,32.225,73.24,67,95,8.95,light rain
237,Puerto Escondido,MX,15.85,-97.0667,84.2,79,1,10.36,clear sky
238,Bonthe,SL,7.5264,-12.505,79.18,87,100,5.3,overcast clouds
239,Havelock,US,34.8791,-76.9013,69.8,43,1,5.32,clear sky
240,Carmelo,UY,-33.9892,-58.2856,78.01,78,0,9.22,clear sky
241,Klaksvik,FO,62.2266,-6.589,35.6,100,90,19.57,overcast clouds
242,Waterloo,CA,43.4668,-80.5164,54.0,54,1,9.22,clear sky
243,Hervey Bay,AU,-25.2986,152.8535,81.0,69,0,4.0,clear sky
244,Dhidhdhoo,MV,6.8833,73.1,82.38,74,21,7.52,few clouds
245,Ereymentau,KZ,51.6199,73.1033,36.39,90,100,7.2,overcast clouds
246,Juneau,US,58.3019,-134.4197,35.6,48,75,14.97,broken clouds
247,Valparaiso,CL,-33.0393,-71.6273,62.01,88,0,8.05,clear sky
248,Zinder,NE,13.8072,8.9881,82.94,12,85,8.63,overcast clouds
249,Nepomuceno,BR,-21.2358,-45.2358,61.18,89,3,9.93,clear sky
250,Pavlivka,UA,49.4414,28.4596,29.84,78,5,8.55,clear sky
251,Salta,AR,-24.7859,-65.4117,68.0,88,75,1.74,broken clouds
252,Dayong,CN,25.0209,118.2898,68.0,42,90,2.24,overcast clouds
253,Nyurba,RU,63.2842,118.3319,26.38,96,100,5.97,light snow
254,Hasaki,JP,35.7333,140.8333,60.8,76,75,5.75,broken clouds
255,Evensk,RU,61.95,159.2333,14.02,81,22,1.9,few clouds
256,Monte Alegre De Minas,BR,-18.8706,-48.8808,69.84,75,100,7.61,overcast clouds
257,Trzcianka,PL,53.0406,16.4563,37.0,95,100,5.99,overcast clouds
258,Ballina,AU,-28.8667,153.5667,71.6,88,90,11.5,overcast clouds
259,Huambo,AO,-12.7761,15.7392,58.03,82,69,2.15,broken clouds
260,Ilulissat,GL,69.2167,-51.1,17.6,62,75,2.3,broken clouds
261,Abong Mbang,CM,3.9833,13.1833,69.66,84,68,2.86,light rain
262,Souillac,MU,-20.5167,57.5167,77.0,88,75,9.22,broken clouds
263,Los Llanos De Aridane,ES,28.6585,-17.9182,68.0,88,40,3.44,scattered clouds
264,Margate,GB,51.3813,1.3862,39.0,53,6,1.99,clear sky
265,Nhulunbuy,AU,-12.2333,136.7667,86.0,54,20,4.61,few clouds
266,Shuangcheng,CN,45.35,126.2833,35.6,27,0,17.9,clear sky
267,Nara,JP,34.6851,135.8049,61.0,55,0,2.3,clear sky
268,Jacareacanga,BR,-6.2222,-57.7528,75.69,90,86,2.33,overcast clouds
269,Praia Da Vitoria,PT,38.7333,-27.0667,59.0,77,40,15.12,scattered clouds
270,Guarda,PT,40.5373,-7.2658,51.01,69,100,2.46,overcast clouds
271,Comodoro Rivadavia,AR,-45.8667,-67.5,62.6,45,0,18.41,clear sky
272,Gamba,GA,-2.65,10.0,77.85,90,89,3.85,moderate rain
273,Shirokiy,RU,49.758,129.523,31.53,42,18,16.75,few clouds
274,Vanavara,RU,60.34,102.2797,29.35,91,100,4.9,overcast clouds
275,Imbituba,BR,-28.24,-48.6703,73.4,83,75,5.75,broken clouds
276,Tchollire,CM,8.4022,14.1698,91.65,17,100,4.76,overcast clouds
277,Atherton,GB,53.5237,-2.4935,42.01,69,88,1.99,light rain
278,Huicungo,PE,-7.2833,-76.8,72.45,96,100,1.61,overcast clouds
279,Shreveport,US,32.5251,-93.7502,69.8,88,1,4.61,clear sky
280,Alice Springs,AU,-23.7,133.8833,82.4,24,0,10.36,clear sky
281,Coahuayana,MX,18.7333,-103.6833,75.6,65,0,3.53,clear sky
282,Aleksandrovsk-Sakhalinskiy,RU,50.8975,142.1561,33.39,66,100,12.33,overcast clouds
283,Vysokopillya,UA,47.4919,33.5306,33.8,80,0,6.71,clear sky
284,Pangnirtung,CA,66.1451,-65.7125,30.04,95,100,9.06,snow
285,Atar,MR,20.5169,-13.0499,78.89,19,0,7.72,clear sky
286,Taoudenni,ML,22.6783,-3.9836,82.42,15,0,10.16,clear sky
287,Saskylakh,RU,71.9167,114.0833,5.11,94,100,6.6,overcast clouds
288,Meulaboh,ID,4.1363,96.1285,77.29,86,59,3.56,broken clouds
289,Oistins,BB,13.0667,-59.5333,78.8,65,20,10.36,few clouds
290,Susanville,US,40.4163,-120.653,62.6,12,1,13.8,clear sky
291,Lufilufi,WS,-13.8745,-171.5986,84.2,84,75,8.05,light rain
292,Komsomolskiy,UZ,40.4272,71.7189,46.4,66,0,6.91,clear sky
293,Okhotsk,RU,59.3833,143.3,20.23,81,100,5.41,overcast clouds
294,Coxim,BR,-18.5067,-54.76,71.11,87,90,3.65,overcast clouds
295,Usvyaty,RU,55.7456,30.7533,30.63,82,100,5.88,overcast clouds
296,Channel-Port Aux Basques,CA,47.5702,-59.1367,41.65,94,95,10.54,overcast clouds
297,Breves,BR,-1.6822,-50.4803,76.66,89,100,4.0,overcast clouds
298,Chaman,PK,30.9236,66.4512,59.47,18,0,6.15,clear sky
299,Llanes,ES,43.4198,-4.7549,48.0,60,61,7.07,broken clouds
300,Nizhniy Odes,RU,63.6445,54.856,31.3,94,93,6.44,overcast clouds
301,Maceio,BR,-9.6658,-35.7353,75.2,88,0,2.3,clear sky
302,Sivaki,RU,52.6333,126.75,22.98,64,11,6.24,few clouds
303,Faanui,PF,-16.4833,-151.75,81.36,68,62,13.24,broken clouds
304,Caravelas,BR,-17.7125,-39.2481,73.76,86,100,10.94,light rain
305,Manicore,BR,-5.8092,-61.3003,74.01,97,100,1.63,overcast clouds
306,Zvishavane,ZW,-20.3267,30.0665,54.7,76,9,1.57,clear sky
307,Juegang,CN,32.3174,121.1855,57.0,72,95,4.36,overcast clouds
308,Kiomboi,TZ,-4.2667,34.3667,57.65,89,2,4.18,clear sky
309,Dutlwe,BW,-23.9833,23.9,64.85,51,30,7.87,scattered clouds
310,Birao,CF,10.2849,22.7882,78.84,12,89,5.82,overcast clouds
311,Constitucion,CL,-35.3333,-72.4167,55.58,83,63,8.03,broken clouds
312,Yar-Sale,RU,66.8333,70.8333,10.33,100,100,3.31,overcast clouds
313,Eyrarbakki,IS,63.863,-21.1481,30.2,80,90,19.57,snow
314,Belyy Yar,RU,53.6039,91.3903,37.4,70,0,6.71,clear sky
315,Carutapera,BR,-1.195,-46.02,77.61,88,93,5.32,overcast clouds
316,Mogadishu,SO,2.0371,45.3438,81.18,74,24,9.33,few clouds
317,Kiunga,PG,-6.1219,141.2906,72.93,99,100,1.23,overcast clouds
318,Cherskiy,RU,68.75,161.3,-0.49,87,100,4.18,overcast clouds
319,Gunjur,GM,13.2019,-16.7339,71.6,78,0,4.61,clear sky
320,Whitehorse,CA,60.7161,-135.0538,19.99,30,20,8.05,few clouds
321,Nanortalik,GL,60.1432,-45.2371,35.64,86,100,5.06,overcast clouds
322,Dinghai,CN,26.2847,119.7936,60.8,67,90,13.42,overcast clouds
323,Altamira,BR,-3.2033,-52.2064,76.33,84,100,1.77,overcast clouds
324,Itarema,BR,-2.9248,-39.9167,80.58,81,93,14.45,overcast clouds
325,Upernavik,GL,72.7868,-56.1549,-3.14,88,95,7.02,overcast clouds
326,Ponta Delgada,PT,37.7333,-25.6667,60.8,82,75,21.85,broken clouds
327,Bulawayo,ZW,-20.15,28.5833,53.46,72,8,8.01,clear sky
328,Tuy Hoa,VN,13.0833,109.3,80.62,74,58,4.52,broken clouds
329,Weligama,LK,5.9667,80.4167,75.33,84,9,3.36,clear sky
330,Savannakhet,LA,16.566,104.751,82.4,69,40,2.3,mist
331,Fairbanks,US,64.8378,-147.7164,19.4,53,1,1.79,clear sky
332,Sistranda,NO,63.7256,8.834,32.0,86,75,16.11,light snow
333,Half Moon Bay,US,37.4636,-122.4286,57.2,76,90,13.8,haze
334,Port Lincoln,AU,-34.7333,135.8667,79.86,31,100,13.62,overcast clouds
335,Port Blair,IN,11.6667,92.75,81.66,71,43,0.92,scattered clouds
336,Ponta Do Sol,PT,32.6667,-17.1,62.01,77,100,5.01,overcast clouds
337,Wewak,PG,-3.5534,143.6268,77.38,89,100,5.46,overcast clouds
338,Talnakh,RU,69.4865,88.3972,1.56,95,69,0.4,broken clouds
339,Oussouye,SN,12.485,-16.5469,75.2,78,0,4.61,clear sky
340,Tezu,IN,27.9167,96.1667,77.83,33,87,1.48,overcast clouds
341,Marawi,PH,7.9986,124.2928,81.0,85,61,1.99,broken clouds
342,Thinadhoo,MV,0.5333,72.9333,82.26,70,61,9.15,broken clouds
343,Mao,ES,39.8885,4.2658,44.6,57,0,3.44,clear sky
344,Visnes,NO,59.3556,5.2242,35.6,64,75,10.36,broken clouds
345,East London,ZA,-33.0153,27.9116,65.59,78,9,9.93,clear sky
346,Vardo,NO,70.3705,31.1107,32.29,73,59,3.27,broken clouds
347,Broome,US,42.2506,-75.833,57.2,44,1,5.75,clear sky
348,Vao,NC,-22.6667,167.4833,76.42,75,21,17.16,few clouds
349,Walker,US,30.7335,-95.5669,70.0,94,20,2.75,mist
350,Aasiaat,GL,68.7098,-52.8699,14.49,88,100,16.96,overcast clouds
351,Waitati,NZ,-45.75,170.5667,59.0,76,6,10.0,clear sky
352,Nileshwar,IN,12.25,75.1,80.46,82,98,2.62,overcast clouds
353,Oranjestad,AW,12.524,-70.027,80.6,78,40,18.41,scattered clouds
354,Rio Grande,BR,-32.035,-52.0986,72.0,87,2,1.01,clear sky
355,Avera,US,33.194,-82.5271,69.8,52,1,7.38,clear sky
356,Cap Malheureux,MU,-19.9842,57.6142,80.01,75,96,3.0,light rain
357,Severo-Kurilsk,RU,50.6789,156.125,31.6,89,100,50.31,overcast clouds
358,Ossora,RU,59.2353,163.0719,18.0,87,91,3.71,overcast clouds
359,Isetskoye,RU,56.4858,65.3226,35.69,98,100,10.8,overcast clouds
360,Hoquiam,US,46.9809,-123.8893,46.99,87,90,20.71,light rain
361,Tessalit,ML,20.1986,1.0114,79.56,11,100,8.68,overcast clouds
362,Komnina,GR,40.6,21.7833,42.01,80,99,14.97,overcast clouds
363,Makakilo City,US,21.3469,-158.0858,78.8,53,75,13.8,light rain
364,Barkot,IN,30.8167,78.2,54.36,45,0,6.53,clear sky
365,Montorio Al Vomano,IT,42.5831,13.6383,36.0,51,1,5.99,clear sky
366,Beringovskiy,RU,63.05,179.3167,4.35,83,14,8.3,few clouds
367,Seagoville,US,32.6396,-96.5383,72.0,26,1,12.66,clear sky
368,Hamilton,US,39.1834,-84.5333,73.4,53,1,4.61,clear sky
369,Micomeseng,GQ,2.1462,10.6164,69.21,99,99,1.36,light rain
370,Zyryanka,RU,65.75,150.85,11.14,84,92,10.71,overcast clouds
371,Xai-Xai,MZ,-25.0519,33.6442,69.26,92,94,5.66,overcast clouds
372,Tashtyp,RU,52.7939,89.8983,33.98,85,68,4.0,broken clouds
373,Longyearbyen,SJ,78.2186,15.6401,23.0,80,75,16.11,light snow
374,Shitanjing,CN,39.2342,106.3439,48.51,42,100,8.01,overcast clouds
375,Watertown,US,42.3709,-71.1828,50.0,76,1,3.31,clear sky
376,Havoysund,NO,70.9963,24.6622,30.2,80,75,9.22,light snow
377,Te Anau,NZ,-45.4167,167.7167,62.71,48,1,2.44,clear sky
378,Roura,GF,4.7263,-52.3274,75.99,100,75,2.44,broken clouds
379,Faro,PT,37.0194,-7.9322,64.4,88,75,13.8,broken clouds
380,Okato,NZ,-39.2,173.8833,68.0,68,59,5.99,broken clouds
381,Yulara,AU,-25.2406,130.9889,84.2,21,6,10.36,clear sky
382,Alofi,NU,-19.0595,-169.9187,82.4,69,40,8.05,scattered clouds
383,Melito Di Porto Salvo,IT,37.9222,15.7714,54.0,82,90,8.05,overcast clouds
384,Geraldton,AU,-28.7667,114.6,71.6,73,97,14.97,overcast clouds
385,Kazachinskoye,RU,57.6953,93.2761,32.86,86,83,5.19,broken clouds
386,Kemijarvi,FI,66.7131,27.4306,20.5,96,42,3.0,scattered clouds
387,Agaro,ET,7.85,36.65,64.49,65,63,2.24,broken clouds
388,Deloraine,AU,-41.5333,146.6667,68.0,78,100,3.0,overcast clouds
389,Mildura,AU,-34.2,142.15,80.01,22,4,6.91,clear sky
390,Mangrol,IN,21.1167,70.1167,77.47,75,0,12.03,clear sky
391,Arraial Do Cabo,BR,-22.9661,-42.0278,76.01,64,27,14.36,scattered clouds
392,Balabac,PH,7.9868,117.0645,82.67,73,100,6.67,overcast clouds
393,Ambilobe,MG,-13.2,49.05,72.12,96,50,3.56,light rain
394,Vila Velha,BR,-20.3297,-40.2925,69.8,94,20,3.44,few clouds
395,Meiktila,MM,20.8667,95.8667,81.21,53,0,13.38,clear sky
396,Santa Isabel Do Rio Negro,BR,-0.4139,-65.0192,74.03,95,99,0.56,overcast clouds
397,Bandarbeyla,SO,9.4942,50.8122,75.47,62,8,2.66,clear sky
398,Imeni Babushkina,RU,59.7573,43.1285,33.75,95,100,10.07,snow
399,San Jeronimo,PE,-11.9472,-75.2829,49.12,83,100,4.16,overcast clouds
400,Carauari,BR,-4.8828,-66.8958,74.43,95,95,1.7,overcast clouds
401,Aswan,EG,24.0934,32.907,75.56,18,0,8.25,clear sky
402,Santa Fe,AR,-31.6333,-60.7,79.0,72,100,3.0,overcast clouds
403,Qaqortoq,GL,60.7167,-46.0333,35.6,64,75,1.14,broken clouds
404,Afogados Da Ingazeira,BR,-7.7508,-37.6392,73.45,66,100,6.55,overcast clouds
405,Grindavik,IS,63.8424,-22.4338,28.4,100,90,14.97,snow
406,Baker City,US,44.7749,-117.8344,57.2,33,1,27.63,clear sky
407,Iisalmi,FI,63.5592,27.1907,30.2,93,20,3.44,light snow
408,Poum,NC,-20.2333,164.0167,80.2,74,63,23.13,broken clouds
409,Salinas,US,36.6777,-121.6555,57.2,62,1,14.97,clear sky
410,Lokosovo,RU,61.1333,74.8167,30.63,97,100,2.68,overcast clouds
411,Zhucheng,CN,35.9947,119.3975,55.69,28,0,6.42,clear sky
412,Teguldet,RU,57.3064,88.1667,32.47,97,100,4.99,light snow
413,San Patricio,US,28.017,-97.5169,80.6,74,1,10.36,clear sky
414,Kirakira,SB,-10.4544,161.9205,84.4,70,100,11.65,overcast clouds
415,Filingue,NE,14.3521,3.3168,86.16,8,56,6.49,broken clouds
416,Kasungu,MW,-13.0333,33.4833,57.18,91,23,4.09,few clouds
417,Altoona,US,40.5187,-78.3947,63.0,66,88,1.97,overcast clouds
418,Kashi,CN,39.4547,75.9797,42.8,81,40,4.47,scattered clouds
419,Tramandai,BR,-29.9847,-50.1336,73.49,74,2,20.07,clear sky
420,La Libertad,EC,-2.2333,-80.9,74.95,81,98,6.76,overcast clouds
421,Jiaonan,CN,35.8786,119.9753,57.2,24,0,8.95,clear sky
422,Bondo,CD,3.8146,23.6866,72.46,82,100,3.38,overcast clouds
423,Abu Samrah,SY,35.3029,37.1841,61.56,38,99,6.31,overcast clouds
424,Palmer,US,42.1584,-72.3287,59.0,51,75,6.91,broken clouds
425,Pandan,PH,14.0453,124.1694,82.08,63,100,9.66,overcast clouds
426,Padang,ID,-0.9492,100.3543,77.0,94,40,2.3,light rain
427,Strezhevoy,RU,60.7333,77.5889,32.0,86,90,4.47,overcast clouds
428,Nanga Eboko,CM,4.6833,12.3667,74.43,78,100,4.88,overcast clouds
429,Kudahuvadhoo,MV,2.6708,72.8944,82.0,70,18,6.93,few clouds
430,Leh,IN,34.1667,77.5833,24.69,68,100,0.47,overcast clouds
431,Yumen,CN,40.2833,97.2,48.42,25,100,10.07,overcast clouds
432,Carman,CA,49.4992,-98.0016,57.2,26,100,9.22,overcast clouds
433,Inyonga,TZ,-6.7167,32.0667,61.9,97,17,3.96,few clouds
434,Pocatello,US,42.8713,-112.4455,60.8,27,1,17.27,clear sky
435,Haapiti,PF,-17.5667,-149.8667,86.0,58,20,6.91,few clouds
436,Novikovo,RU,51.1537,37.8879,37.24,87,100,15.59,overcast clouds
437,Paka,MY,4.6374,103.4368,82.4,83,40,1.14,scattered clouds
438,Linden,GY,6.0,-58.3,77.0,94,20,4.61,few clouds
439,Isangel,VU,-19.55,169.2667,86.0,70,40,11.5,scattered clouds
440,Chernyshevsk,RU,52.5243,117.0174,42.76,46,7,2.1,clear sky
441,Esperance,AU,-33.8667,121.9,62.6,100,40,6.91,scattered clouds
442,San Cristobal,VE,7.7669,-72.225,78.8,94,40,3.44,scattered clouds
443,Kainantu,PG,-6.2887,145.8655,64.49,92,100,1.68,overcast clouds
444,Khani,GE,41.9563,42.9566,59.0,58,0,10.36,clear sky
445,Constantine,DZ,36.365,6.6147,44.6,81,75,4.61,broken clouds
446,Kaduqli,SD,11.0167,29.7167,81.91,10,11,7.05,few clouds
447,Roma,US,43.2128,-75.4557,55.4,54,1,4.61,clear sky
448,Acapulco,MX,16.8634,-99.8901,82.4,69,40,8.05,scattered clouds
449,Binzhou,CN,37.3667,118.0167,60.01,51,0,7.49,clear sky
450,Skjervoy,NO,70.0311,20.9714,33.28,66,100,13.47,light snow
451,Galesong,ID,-5.3166,119.3661,75.2,94,40,3.44,scattered clouds
452,Huarmey,PE,-10.0681,-78.1522,70.5,86,97,8.23,overcast clouds
453,Locri,IT,38.2414,16.2623,54.0,82,90,8.05,overcast clouds
454,Manggar,ID,-2.8833,108.2667,81.12,81,100,10.51,overcast clouds
455,Sao Gabriel Da Cachoeira,BR,-0.1303,-67.0892,72.68,97,100,0.69,overcast clouds
456,Taquara,BR,-29.6506,-50.7806,63.0,85,3,5.99,clear sky
457,Makokou,GA,0.5738,12.8642,71.08,97,100,1.48,overcast clouds
458,Anadyr,RU,64.75,177.4833,-7.01,77,0,6.71,clear sky
459,Pimentel,PE,-6.8367,-79.9342,71.6,78,75,16.11,broken clouds
460,Port Macquarie,AU,-31.4333,152.9167,72.0,94,40,5.75,scattered clouds
461,Fukue,JP,32.6881,128.8419,64.4,63,0,3.44,clear sky
462,Yongan,CN,39.6957,113.6871,51.94,41,0,5.41,clear sky
463,Dudinka,RU,69.4058,86.1778,1.92,85,71,8.25,broken clouds
464,Scottsbluff,US,41.8666,-103.6672,53.6,40,1,14.97,clear sky
465,Pelotas,BR,-31.7719,-52.3425,72.0,87,2,1.01,clear sky
466,Warrnambool,AU,-38.3833,142.4833,73.99,55,100,4.0,overcast clouds
467,Antofagasta,CL,-23.65,-70.4,62.6,88,0,5.75,clear sky
468,Kavaratti,IN,10.5669,72.642,83.19,73,68,9.86,heavy intensity rain
469,Kamenka,RU,51.3223,42.7678,47.77,93,82,11.86,broken clouds
470,Hinundayan,PH,10.3523,125.2506,81.16,71,96,6.98,overcast clouds
471,Borzya,RU,50.3833,116.5167,45.95,34,9,7.36,clear sky
472,Gonen,TR,40.1049,27.654,48.2,87,75,20.71,broken clouds
473,Youghal,IE,51.95,-7.8506,41.0,81,20,6.91,few clouds
474,Inirida,CO,3.8653,-67.9239,73.99,96,93,1.86,overcast clouds
475,Opuwo,NA,-18.0607,13.84,69.22,59,18,3.74,few clouds
476,Asau,RO,46.4333,26.4,30.2,86,0,4.61,light snow
477,Labuhan,ID,-6.8844,112.2051,81.9,79,100,10.47,overcast clouds
478,Saint-Pierre,RE,-21.3393,55.4781,78.8,73,75,9.22,light rain
479,Treinta Y Tres,UY,-33.2333,-54.3833,66.85,85,0,11.01,clear sky
480,Bonanza,NI,14.0289,-84.591,72.03,94,100,1.63,overcast clouds
481,Salur,IN,18.5333,83.2167,78.01,72,2,1.32,clear sky
482,Sitka,US,57.0531,-135.33,39.2,56,75,9.22,light snow
483,Lubao,PH,14.9167,120.55,84.2,65,75,4.61,broken clouds
484,Saint-Joseph,RE,-21.3667,55.6167,78.8,73,75,9.22,broken clouds
485,Teeli,RU,51.0333,90.2333,39.67,60,4,1.28,clear sky
486,Kisangani,CD,0.5167,25.2,69.03,99,100,1.03,moderate rain
487,Ivanteyevka,RU,55.9711,37.9208,39.0,93,90,8.95,light rain
488,Hobyo,SO,5.3505,48.5268,78.94,63,5,8.97,clear sky
489,Acarau,BR,-2.8856,-40.12,80.58,82,95,15.66,overcast clouds
490,Shaoguan,CN,24.8,113.5833,66.65,69,59,4.99,broken clouds
491,Vanino,RU,49.0869,140.2543,29.91,92,100,11.68,snow
492,Elizabeth City,US,36.2946,-76.2511,62.6,63,75,4.61,broken clouds
493,Tinskoy,RU,56.1525,96.9161,33.76,81,100,8.81,overcast clouds
494,Mitzic,GA,0.7821,11.549,68.65,98,87,2.8,light rain
495,Nome,US,64.5011,-165.4064,6.8,56,1,14.97,clear sky
496,Traiguen,CL,-38.25,-72.6833,51.84,80,3,0.72,clear sky
497,Yorkton,CA,51.2167,-102.4677,60.8,27,1,6.91,clear sky
498,Mayo,US,38.8876,-76.5119,61.0,67,1,8.63,clear sky
499,Alghero,IT,40.5589,8.3181,32.0,93,0,1.14,clear sky
500,Touros,BR,-5.1989,-35.4608,78.8,89,20,5.75,few clouds
501,Gayeri,BF,12.6497,0.4931,85.64,7,15,7.09,few clouds
502,Ternate,ID,0.8,127.4,83.64,72,50,0.31,scattered clouds
503,Jurm,AF,36.8648,70.8342,35.26,48,66,6.55,broken clouds
504,Miles City,US,46.4083,-105.8406,62.6,25,1,5.75,clear sky
505,Cervia,IT,44.2657,12.3427,33.8,93,0,2.3,clear sky
506,Tabuk,PH,17.4189,121.4443,78.87,64,22,2.33,few clouds
507,Omboue,GA,-1.5746,9.2618,78.44,90,85,3.98,overcast clouds
508,Methoni,GR,36.8197,21.7049,57.99,93,33,1.14,scattered clouds
509,Ola,RU,59.5833,151.2833,19.96,67,4,5.68,clear sky
510,Henties Bay,NA,-22.116,14.2845,63.09,82,1,6.98,clear sky
511,Abu Zabad,SD,12.35,29.25,78.4,6,48,9.55,scattered clouds
512,Maudaha,IN,25.6833,80.1167,80.76,17,1,6.71,clear sky
513,Ust-Nera,RU,64.5667,143.2,10.56,85,100,4.43,overcast clouds
514,Portland,US,45.5234,-122.6762,51.8,62,90,10.36,overcast clouds
515,Kholtoson,RU,50.2981,103.3097,45.64,25,35,2.01,scattered clouds
516,Pemangkat,ID,1.1667,108.9667,80.98,78,32,5.59,scattered clouds
517,Banda Aceh,ID,5.5577,95.3222,80.22,79,99,7.05,overcast clouds
518,Leeton,AU,-34.5667,146.4,84.0,50,0,6.91,clear sky
519,Strenci,LV,57.6257,25.6854,30.99,95,17,1.01,few clouds
520,Huilong,CN,31.8111,121.655,57.0,66,98,1.99,overcast clouds
521,Guerrero Negro,MX,27.9769,-114.0611,67.42,62,10,16.75,clear sky
522,Hodmezovasarhely,HU,46.4167,20.3333,32.0,67,0,10.63,clear sky
523,Majene,ID,-3.5403,118.9707,84.38,67,95,1.48,overcast clouds
524,Miracatu,BR,-24.2814,-47.4597,68.68,93,93,1.36,overcast clouds
525,Berdigestyakh,RU,62.0989,126.6992,14.16,82,99,11.25,overcast clouds
526,Voh,NC,-20.9667,164.7,85.66,54,99,9.24,overcast clouds
527,Tema,GH,5.667,-0.0166,84.2,84,20,10.36,few clouds
528,Moron,AR,-34.6534,-58.6198,79.0,65,31,1.99,scattered clouds
529,Fare,PF,-16.7,-151.0167,81.77,60,71,10.33,broken clouds
530,Mackay,AU,-21.15,149.2,86.0,69,96,10.36,overcast clouds
531,Whyalla,AU,-33.0333,137.5833,87.8,14,100,17.27,overcast clouds
532,Prince George,CA,53.9166,-122.753,44.01,45,20,11.5,few clouds
533,Omsukchan,RU,62.5333,155.8,10.83,70,6,2.93,clear sky
534,Hofn,IS,64.2539,-15.2082,27.1,73,100,20.11,light snow
535,Kawalu,ID,-7.3817,108.2082,78.78,74,40,2.26,scattered clouds
536,Putignano,IT,40.8518,17.1213,41.0,93,40,4.61,scattered clouds
537,Polignano A Mare,IT,40.9959,17.2159,39.99,93,40,4.61,scattered clouds
538,Palana,RU,59.1167,159.9667,19.22,80,11,11.39,few clouds
539,Bowen,AU,-20.0167,148.2333,84.2,65,89,11.5,overcast clouds
540,Byron Bay,AU,-28.65,153.6167,71.6,88,90,11.5,overcast clouds
541,West Plains,US,36.7281,-91.8524,57.2,82,90,9.22,overcast clouds
542,Berlevag,NO,70.8578,29.0864,28.09,79,49,12.86,scattered clouds
543,Khon Buri,TH,14.5254,102.2459,84.0,88,26,1.9,scattered clouds
544,Southbridge,US,42.0751,-72.0334,53.01,69,100,4.94,overcast clouds
545,El Alto,PE,-4.2714,-81.2147,71.35,76,100,11.9,overcast clouds
546,Moindou,NC,-21.6924,165.677,82.4,61,90,6.91,overcast clouds
547,Hovd,MN,48.0056,91.6419,41.09,34,0,6.78,clear sky
548,Kutum,SD,14.2,24.6667,72.45,8,95,8.46,overcast clouds
549,Luwuk,ID,-0.9516,122.7875,79.32,87,100,2.8,light rain
550,Betsiamites,CA,48.9413,-68.646,37.4,87,1,3.44,clear sky
551,Boyolangu,ID,-8.1181,111.8935,79.66,82,89,4.14,overcast clouds
552,Hualmay,PE,-11.0964,-77.6139,69.44,87,100,7.83,overcast clouds
553,Kiruna,SE,67.8557,20.2251,15.8,86,100,6.91,overcast clouds
554,Flagstaff,US,35.1981,-111.6513,64.99,11,1,14.97,clear sky
555,Roebourne,AU,-20.7833,117.1333,86.34,51,31,11.56,scattered clouds
556,Bijapur,IN,16.8333,75.7,85.12,28,96,8.75,overcast clouds
557,Buenaventura,CO,3.8801,-77.0312,66.0,76,98,3.53,overcast clouds
558,Key West,US,24.5557,-81.7826,73.4,64,1,9.22,clear sky
559,Russell,US,32.3502,-85.1999,73.4,68,1,4.61,clear sky
560,Kingston,JM,17.997,-76.7936,78.8,83,75,11.5,broken clouds
561,Mount Gambier,AU,-37.8333,140.7667,69.8,52,100,10.36,overcast clouds
562,Yerbogachen,RU,61.2767,108.0108,33.21,92,32,10.13,scattered clouds
563,Melfort,CA,52.8667,-104.6177,62.6,27,8,13.8,clear sky
564,Manyana,BW,-23.4,21.7167,61.43,67,5,6.64,clear sky
565,Santa Rosa,PH,14.3122,121.1114,86.0,62,20,6.91,few clouds
566,Trujillo,PE,-8.116,-79.03,68.0,88,90,9.22,overcast clouds
567,Whitianga,NZ,-36.8333,175.7,66.36,73,79,5.57,broken clouds
568,Den Helder,NL,52.9599,4.7593,39.2,65,90,12.66,overcast clouds
569,Gurh,IN,24.5167,81.5167,81.0,16,52,3.56,broken clouds
570,El Tocuyo,VE,9.7873,-69.7937,64.4,100,28,9.22,scattered clouds
571,Tuatapere,NZ,-46.1333,167.6833,66.0,60,15,4.0,few clouds
572,Yeniseysk,RU,58.4497,92.1703,31.93,94,99,3.62,light snow
573,Saldanha,ZA,-33.0117,17.9442,59.0,88,4,4.61,clear sky
574,Namibe,AO,-15.1961,12.1522,78.55,82,70,6.67,broken clouds
575,Sete,FR,43.4018,3.6966,44.01,48,0,2.3,clear sky
576,Tiznit,MA,29.5833,-9.5,54.36,86,50,3.87,scattered clouds
577,Johi,PK,26.6921,67.6133,76.41,12,0,6.49,clear sky
578,Vila,PT,42.0304,-8.1588,51.01,65,100,4.0,overcast clouds
579,Ilebo,CD,-4.3167,20.5833,70.79,95,100,2.15,overcast clouds
580,Pokhara,NP,28.2333,83.9833,70.14,25,0,6.78,clear sky
581,Erzin,TR,36.9559,36.2,63.0,92,5,1.7,clear sky
582,Khorramabad,IR,33.4878,48.3558,59.92,26,80,1.97,broken clouds
583,Saint-Augustin,CA,51.226,-58.6502,34.41,91,23,7.0,few clouds
584,Northam,GB,51.0333,-4.2167,41.0,84,95,7.0,overcast clouds
585,Pergamino,AR,-33.89,-60.5736,78.01,62,46,3.0,scattered clouds
586,Camana,PE,-16.6228,-72.7111,70.41,85,93,7.85,overcast clouds
587,Chumikan,RU,54.7183,135.315,25.45,91,100,9.1,light snow
588,Calabozo,VE,8.9242,-67.4293,84.79,60,96,4.12,overcast clouds
589,La Ronge,CA,55.1001,-105.2842,50.0,40,99,12.66,overcast clouds
590,Viedma,AR,-40.8135,-62.9967,64.96,65,100,7.14,overcast clouds
591,Tomislavgrad,BA,43.7181,17.2267,41.0,45,0,14.97,clear sky
592,Barcs,HU,45.96,17.4586,29.46,89,23,5.77,few clouds
593,Menongue,AO,-14.6585,17.691,60.84,71,24,1.7,few clouds
594,Witu,KE,-2.3889,40.4382,80.6,83,20,3.44,light rain
595,Kargil,IN,34.5667,76.1,21.54,73,100,2.28,overcast clouds
596,Sola,VU,-13.8833,167.55,89.6,74,40,3.94,scattered clouds
597,Panzhihua,CN,26.5851,101.7128,59.0,66,71,3.27,broken clouds
598,Yalvac,TR,38.2956,31.1778,46.35,62,78,3.78,broken clouds
599,Dori,BF,14.0354,-0.0345,84.47,7,8,10.65,clear sky
600,Chapleau,CA,47.8405,-83.4034,48.2,100,90,8.05,mist
601,Altay,CN,47.8667,88.1167,41.32,51,2,3.09,clear sky
602,Qeshm,IR,26.9581,56.2719,69.8,88,4,0.83,clear sky
603,Bor,RU,56.3567,44.0669,41.0,87,90,13.42,light rain
604,Soavinandriana,MG,-19.1667,46.7333,58.19,91,54,4.47,broken clouds
605,Alugan,PH,12.2188,125.4808,80.67,74,100,6.02,overcast clouds
606,Rawson,AR,-43.3002,-65.1023,65.32,45,0,10.11,clear sky
607,Ust-Ishim,RU,57.6935,71.1665,27.5,98,54,3.36,broken clouds
608,Balakhta,RU,55.38,91.6,33.33,76,100,13.44,overcast clouds
609,Bichena,ET,10.45,38.2,56.5,25,4,1.45,clear sky
610,Jacmel,HT,18.2342,-72.5347,80.6,74,100,6.91,overcast clouds
611,Ngunguru,NZ,-35.6167,174.5,73.99,74,48,7.0,scattered clouds
612,Sechura,PE,-5.5569,-80.8222,75.96,66,99,16.51,overcast clouds
613,Olinda,BR,-8.0089,-34.8553,78.8,73,40,10.36,scattered clouds
614,Aleksandrov Gay,RU,50.147,48.5704,45.41,72,82,12.82,broken clouds
615,Grand Gaube,MU,-20.0064,57.6608,80.01,75,94,3.0,light rain
616,Ronchi Dei Legionari,IT,45.8236,13.5097,35.01,74,5,4.61,clear sky
617,Cotonou,BJ,6.3654,2.4183,84.2,84,40,12.66,scattered clouds
618,Biak,ID,-0.9131,122.8766,77.13,86,100,3.6,light rain
619,Kaseda,JP,31.4167,130.3167,59.0,67,0,3.44,clear sky
620,Cairns,AU,-16.9167,145.7667,90.0,58,75,5.75,broken clouds
621,Boueni,YT,-12.9025,45.0761,80.6,83,0,9.22,clear sky
622,Yerofey Pavlovich,RU,53.9667,121.9667,27.48,56,90,3.0,overcast clouds
623,Broken Hill,AU,-31.95,141.4333,80.6,18,2,1.14,clear sky
624,Mangai,CD,-4.05,19.5333,68.92,96,100,2.48,overcast clouds
625,Antalaha,MG,-14.9003,50.2788,73.65,92,100,6.58,light rain
626,Davila,PH,18.4726,120.5763,86.0,51,20,3.44,few clouds
627,Ikalamavony,MG,-21.15,46.5833,61.48,88,17,5.95,few clouds
628,Myitkyina,MM,25.3833,97.4,76.19,52,6,2.86,clear sky
629,Kumphawapi,TH,17.1087,103.0149,81.0,78,0,5.75,clear sky
630,Pyaozerskiy,RU,65.8333,31.1667,26.98,92,77,5.35,broken clouds
631,Kurinjippadi,IN,11.5667,79.6,73.9,81,24,6.6,few clouds
632,Resistencia,AR,-27.4606,-58.9839,77.0,73,0,6.91,clear sky
633,Taboshar,TJ,40.5686,69.6413,51.8,71,41,2.24,scattered clouds
634,Gopalpur,IN,19.2667,84.9167,78.3,85,2,12.88,clear sky
635,Shaoyang,CN,27.2315,111.4525,54.79,81,100,3.31,overcast clouds
636,Brovst,DK,57.0956,9.528,33.8,100,14,6.91,few clouds
637,Melfi,IT,40.9965,15.6514,26.6,86,40,13.8,scattered clouds
638,Karratha,AU,-20.7377,116.8463,86.43,51,12,12.91,few clouds
639,Burns Lake,CA,54.2331,-125.7533,37.4,41,99,5.75,overcast clouds
640,Sinnai,IT,39.3042,9.2036,44.01,93,0,9.22,clear sky
641,Montepuez,MZ,-13.1256,38.9997,66.65,97,85,6.53,overcast clouds
642,Christchurch,NZ,-43.5333,172.6333,68.0,56,0,8.05,clear sky
643,Mangaratiba,BR,-22.9597,-44.0406,71.6,83,40,2.3,scattered clouds
644,Ostrovnoy,RU,68.0531,39.5131,30.34,87,100,11.16,overcast clouds
645,Rabat,MA,33.9911,-6.8401,60.8,94,75,3.2,broken clouds
646,Koutselion,GR,39.5889,20.9142,42.8,93,100,4.61,overcast clouds
647,Savannah Bight,HN,16.45,-85.85,80.6,78,75,3.44,broken clouds
648,Eyl,SO,7.9803,49.8164,74.73,69,99,6.29,overcast clouds
649,Vostok,RU,46.4856,135.8833,21.99,52,100,6.26,overcast clouds
650,Egvekinot,RU,66.3167,-179.1667,-1.91,78,6,2.53,clear sky
651,Villa Rica,US,33.7321,-84.9191,70.0,68,42,1.99,scattered clouds
652,Baltiysk,RU,54.6538,19.911,34.0,93,75,11.18,broken clouds
653,Bosaso,SO,11.2842,49.1816,77.14,50,2,8.57,clear sky
654,Kushiro,JP,42.975,144.3747,48.2,34,20,12.66,few clouds
655,Auki,SB,-8.7676,160.7034,85.77,63,100,4.85,overcast clouds
656,Launceston,AU,-41.45,147.1667,68.0,63,40,20.71,scattered clouds
657,Buctzotz,MX,21.2,-88.7833,79.0,66,100,6.35,overcast clouds
658,Dingle,PH,10.9995,122.6711,83.17,66,100,8.43,overcast clouds
659,Kahta,TR,37.7855,38.6237,57.2,47,0,3.44,clear sky
660,Devrek,TR,41.2192,31.9558,51.15,95,79,2.24,broken clouds
661,Voyvozh,RU,62.892,54.9635,29.66,95,49,6.91,scattered clouds
662,Camabatela,AO,-8.1881,15.375,61.77,93,100,4.27,overcast clouds
663,Tottori,JP,35.5,134.2333,60.8,51,75,5.75,broken clouds
664,Baiyin,CN,36.5583,104.2081,52.0,70,8,2.24,haze
665,Beitbridge,ZW,-22.2167,30.0,65.1,68,12,4.45,few clouds
666,Richards Bay,ZA,-28.783,32.0377,67.59,88,71,7.18,broken clouds
667,Husavik,IS,66.0449,-17.3389,23.0,80,90,16.11,light snow
668,Canyon Lake,US,29.8752,-98.2625,73.99,37,0,8.14,clear sky
669,Tura,IN,25.5198,90.2201,72.43,67,0,6.98,clear sky
670,Srednekolymsk,RU,67.45,153.6833,9.37,79,85,3.74,overcast clouds
671,Verkhnyaya Sinyachikha,RU,57.976,61.6673,34.09,98,100,6.11,overcast clouds
672,Pacific Grove,US,36.6177,-121.9166,57.2,62,1,10.36,clear sky
673,Turukhansk,RU,65.8167,87.9833,29.95,98,100,3.8,overcast clouds
674,Pundaguitan,PH,6.3711,126.1689,81.95,74,96,4.65,overcast clouds
675,Hua Hin,TH,12.5707,99.9588,80.6,89,20,2.55,few clouds
676,Ulaangom,MN,49.9811,92.0667,44.22,33,1,3.49,clear sky
677,Hay River,CA,60.8156,-115.7999,19.4,93,100,10.36,light snow
678,Soyo,AO,-6.1349,12.3689,79.7,86,100,4.29,overcast clouds
679,Sinop,TR,41.7711,34.8709,48.63,82,95,1.32,overcast clouds
680,Wladyslawowo,PL,54.7909,18.4009,36.0,86,40,10.36,scattered clouds
681,Prachuap Khiri Khan,TH,12.2167,99.75,80.6,89,20,2.71,few clouds
682,Awjilah,LY,29.1081,21.2869,62.56,34,55,8.19,broken clouds
683,Syracuse,IT,37.0881,15.2792,53.6,58,0,23.02,clear sky
684,Lixourion,GR,38.2019,20.4314,54.7,77,100,16.04,overcast clouds
685,Kuching,MY,1.55,110.3333,82.4,89,20,2.3,few clouds
686,Roshchino,RU,60.2519,29.6085,30.0,81,1,2.75,clear sky
687,Misratah,LY,32.3754,15.0925,63.97,71,100,2.42,overcast clouds
688,Wilmington,US,34.2257,-77.9447,73.4,35,1,10.36,clear sky
689,Quatre Cocos,MU,-20.2078,57.7625,80.01,88,75,9.22,light rain
690,Koumac,NC,-20.5667,164.2833,84.33,56,73,5.55,broken clouds
691,Soledad,CO,10.9184,-74.7646,77.0,88,40,2.3,scattered clouds
692,Phan Thiet,VN,10.9333,108.1,82.49,65,100,1.52,overcast clouds
693,Santo Amaro,BR,-12.5467,-38.7119,80.6,69,20,8.05,few clouds
694,Bodden Town,KY,19.2833,-81.25,79.0,78,20,6.91,few clouds
695,Milos,GR,36.75,24.4333,60.8,77,100,9.22,overcast clouds
696,Cocachacra,PE,-17.0883,-71.7575,69.3,85,100,4.05,overcast clouds
697,Ndioum,SN,16.5129,-14.6471,91.4,22,0,13.8,clear sky
698,Passagem Franca,BR,-6.1797,-43.7836,75.94,71,100,2.08,overcast clouds
699,Chuy,UY,-33.6971,-53.4616,69.89,82,0,13.6,clear sky
700,Raglan,NZ,-37.8,174.8833,73.99,42,98,4.0,overcast clouds
